data,label
baik kadang bungkus oleh rencana buruk kadang keburu itu lapis dalam baik,0
bang adek kasih nama pande agustio panggil tio keren bang,0
sangat hibur betul dik,0
moga suatu saat bisa main film dengan anya daaannn,0
marinas kan ada fat kalo mau renang saja,0
bohong banget kalo enggak ngewe,1
paling murah indonesia,1
hujan apa yang sarang mbak rara,0
selingkuh itu enggak ada berkah,0
jejak digital kasihan nanti suami dan anak nya kalo tahu orang tua pernah pacar kayak begini,1
nanti saya masak neng makn saja,0
bodoamat syarat mau sama gua enggak kalo mau enggak malem ini gua jemput,0
kok bisa sih badan bagus itu apa nik enggak pernah makan kali pengin tau cara diet bagaimana,0
enak cif sama kamu,1
besar juga buah,1
belum nikah begini gaya pacar astagfirullah,1
allah seremmmmmm naudzibillahi mindzalik,0
iphone,0
cium terus adegan ngentot nya ada kah,1
andai punya pacar binal ini,1
numpang tanya min ini kumpul wibu mana soal pengin kumpul bareng kalian semua,0
kasih sayang ibu untuk anak,0
cantik banget,0
kak luna enggak lah sekali namjoon lagi sana kaaann,0
wajah cantik sedekah tubuh buat cowok,1
gila sih kalau sampai prot prot,1
god ble the family,0
banyak ini konten edukasi kayak begini ded sangat manfaat untuk anak perempuan,0
kumpul ras kuat bumi wkw,0
wanita yang pandai ber shalawat belum tentu dia pandai tahan syahwat,1
kalau baca komentar kok lebih banyak yang omong ica nya ini tentang listy dia yang lagi terombang ambing dan dapat orang yang turut arti langkah nya salah tapi dia begitu sensitif dan peduli susah untuk pribadi kaya listy buat ngungkapin apa yang dia rasai kecuali dia kasih tempat big hug buat listy lama mama kamu masih ada kamu masih bisa buat beliau bahagia kadang kita perlu masalah buat lihat betapa sayang keluarga kita enggak apa deh deh lewat bulan,0
muka bocil badan tante,1
pengin follback idola,0
dasar buaya betina tidak puas dengan satu batang,1
sekali jangan pakai baju,1
ekspresi key cute banget,0
wkwkwk enggak senyum,0
keluarga kecil yang sangat bahagia semangat terus depan nama benzema,0
janji enggak crot crot,1
lanjut tempat sepi bos,1
mungkin ini yang sebut konten edukasi turut perintah,0
ganggu jiwa,0
rencana sih buat history mau pamer tapi bodohh buka aib sendiri,1
omong sendiri jawab sendiri,0
tadi nisa bagai iconing cewek muda dari makeup style dll jadi bangga kalo bilang mirip nisa sabyan lah sekarang bilang mirip nisa sabyan pada muntah,1
wtf konten separuh berdiri,1
gede juga,1
nen nenen tebal,1
kelas cantik semua,0
bodi nya mantap ini cewek muka nya biasa saja sih,1
lagi gatal,0
aku nntonya tak kecilin suara pak,0
sama aku juga rinduh nik balas dong,0
respect sama denny benar asa kaya konsultasi sama psikolog gue tuju sama listy jane enggak bakal bisa maaf aku bukan karena lebih tuhan tetapi karena mental gue ngerasain posisi kaya jane tapi lebih waras dan mental hancur sampai sekarang susah banget percaya sama orang utama wanita jadi ansos panik sendiri jane benar kuat mental kuat,0
moga lancar terus bikin video nya okeyz,0
mengapa ica jane balik lagi sama eriko mending sama jerome saja lah sudah bukti baik amin moga jadi nyata,0
nice sempurna aku akan selalu jadi ratu puja walau hanya angan tak kan paling khayal dengan nyai ratu nikita mirzani,1
jangan pakai merci kadang gue pakai motor saja muntah,0
jadi pengin ajar jujitsu sama anak anak karena mereka cewek semua dan harus bisa lindung diri terimakasih dedy konten sangat manfaat,0
gila kok strong banget,0
halo yang cantik dan tarik moga sukses selalu,0
aku suka banget dulu enggak peduli arti,0
jam berapa,1
nama yang palin bagus adalahharsan arti dari nama ini adalah kebahagian nama ini juga bagusariel arti singa tuhan,0
suatu hubung yang mulai dengan cara yang tidak baik pasti akan akhir dengan tidak baik juga,0
lovee abi senang banget lihat dinarr jadi bikin tambah semangat,0
halo kak kekeyi,0
besar barang botol kecap mah masuk,1
cantik manis enak gurih,1
buset apa itu bor,0
parah murtad,1
wah habis lihat video satu kata sudah tidak perawan lagi,1
wkwk dasar betina,1
gurih deh apem nya mau dong,1
mantap memek,1
video kayak begini saja kecam padahal biasa saja enggak ada yang langgar cuman memang anya nya saja yang body nya memang too hot seksi jujur arti yang ngecam memang pikir jorok,1
mantap kawan,0
mengapa sih perempuan kerja sudah nikah saja,1
selamat malam,0
lepas dari segala macam bentuk sensasi yang dia buat tapi soal skill makeup dia jago banget dan aku hibur sih panjang tonton konten pakai ini semangat kekeyi,0
moga enggak ketemu wanita seperti roh halus,1
tocil mantap,1
gede banget kak,1
kaya ada sesuatu yang lihat deh kak,1
wanita mah mengapa sih kaya laki laki sudah rumah nikah buat anak,1
ada yang tau lokasi foto ini mana,0
selamat kak adek nya gemas,0
enggak akan bisa move,0
salah fokus warna tas nya moon cantik banget,0
belum nih,0
kakak ria nanti buat konten yang lucu lagi dengan kakak angga kakak ria,0
dari awal gue ikut podcast nya bang denny jujur dadi beberapa bntang tamu yang undang buat gue pribadi banyak hal yang positif bisa gue ambil utama buat gue pribadi agar bisa jadi pribadi yang lebih baik lagi moga sukses terus bang denny moga selalu bisa meng inspirasi buat semua orang,0
betah kerja sana,0
barang siapa yang tidak dosa boleh rajam orang itu inti kalimat ini pokok kata yang selalu gue ingat dari kata tuhan,0
jujur saja gue tempat posisi bagai dia lama tonton podcast know how you feeling right now feel sis semangat yuk bangkit life must goes sis everyone makes mistakes when you started tapi cry also cry semangat yuk,0
bisa bikin patah,0
aya siapa pakai dempu smpel begini,0
terlalu paksa gunung dua nya nyai kayak mau letus kulit tipis banget,1
anak nya lucu jadi gemas sama mama,0
hati hati kalian masuk golong orang yang mengfitnah orang logika saja usia beda jauh dan kita lirik masa lampau sih ayus sabyan sudah ada niat buat deketin nih sabyan bukan mau negatif tingking atau bagaimana karena alam lingkung kerja saya sudah pernah jadi orang wanita muda yang sholeha pelet oleh lelaki yang beda umur jauh dari dia sehingga sih wanita tunduk pada lelaki itu tanpa sadar apa yang telah laku mending logika saja netizen kalian lirik masa lampau bukankah ayus sabyan pernah taruh rasa pada nih waktu nih masih sama iya kan nah jangan sembarang cap orang bagai pelakor jika nih kena ilmu mikat dari ayu maka kalian sudah masuk golong penfitnah karena sudah menfitnah nih,0
idihh jadi cewek kasar amat,1
wanita enggak perlu sekolah apalagi kuliah tinggi karena ujung ujung nikah tugas dapur juga,1
dia karya dan dia tidak mendengarkn kata kata negatif dari netizen banyak yang gasuka sama konten nya tapi dia selalu semangat dan sampai bisa cari hasil nya sendiri positive vibes banget,0
allah bisa junjung tinggi jerajatmu setinggi langit allah juga bisa jatuh ketika,0
tinggi banget sama sha allah,0
baik banget kalian sukses terus,0
cewek yang mau lihat kontol panjang gue langsung saja gue kirim,1
absen dulu guys tonton dari daerah mana saja nih moga kalian sehat terus,0
mantap bang sering saja buat vidio begini,0
moga sehet selalu dan tambah lagi rejiki nya amin,0
pada aneh lihat netizen sekarang rasa sok benar kalo enggak suka lihat kak nik enggak usah komen lah owalah cukup jadi tonton saja,0
ampul ampul,0
allah istri cantik banget sumpah ini istri idam semua laki laki,0
gua bikin squirt menang luuu lontequ,1
memang lagu apa itu jadi penisirin,0
opening nya sudah bagus bestie cara sampai nya juga sudah tata pasti circle nya bukan kaleng nih kekeyi jangan lupa bahagia bestie sahabat,0
kadang tambah usia dan alam buat orang ingin ubah tapi jejak digital susah hapus dan bisa lihat oleh calon pasang suami anak dan cucu kelak duh jadi bagaimana begitu pas lihat sok mesra dan romantis tapi endingnya putus sayang dan kurang bagaimana begitu,1
jujur aku yang enggak pernah tau konten kekeyi tapi lihat video ini aku rasa sekarang bawa lebih enak dan cara omong juga lebih sambung lebih tata beda sama dulu moga depan makin lebih baik lagi proud you kekeyi,0
moga sukses not projeck,0
senang banget lihat podcastnya dedy yang ini jujur aku perempuan dan punya anak perempuan yang totally enggak bisa bela diri sama sekali dan pengin banget ikut latih bjj ini karena bagi aku selamat diri itu nomor satu dan bagai motivasi diri juga buat aku dan anak karena kalo kita enggak ajar dari sekarang kapan lagi buat dedy sukses terus untuk podcastnya dan tetap buka wawas kita untuk junjung terus benar,0
sadis,1
seduh susu mau,1
selamat makan kakak cantik dan selamat sore,0
temenin tonton one piece,0
allhamdullilah telah tonton video ini gue jadi lebih rasa bangga jadi anak desa,0
ada coklat tempel gigit mbak,0
spill baju dong,0
bawa asa nih,0
jadi moment yang paling harga haha,0
sange nih,1
ira sambil ngobel atau nyusu begitu sambil nlpn cowonya sekali,1
astagfirullah untung bikin keluarga syasya pun nakal juga tapi enggak lihat kan sosmed,1
korea enggak ada artis yang suka ngumbar begini cuma sini nih,1
cantik wanita itu apabila cantik agama cantik agama maka cantik akhlak akhlak yang cantik ini akan bentuk peribadi yang baik dan didik diri jadi wanita solehah yang sedang taat perintah allah dia pelihara aurat dia lindung maruahnya dia jaga batas dia wanita yang akan bawa tenang dan bahagia akhlak yang baik akan buat kita nang walaupun anda kita tidak pandai atau kenal seperti mana bunga yang cantik akan suka walaupun ianya tidak wangi jangan pernah judge hijab yang pakai jangan pernah jugde baik baik yang telah laku bila kemudian kamu tahu satu daripada salah yang telah saudara laku sebab apa hijab dan akhlak ialah dua hal yang beda hijab adalah perintah dari allah sedang manusia tetap dalam kodrat yang tak pernah luput daripada dosa lagi kita dapat apa jika sibuk koreksi aib sedang dia mungkin tengah sibuk beristighfar dan taubat atas salah,0
anya akting cuman cium doang yang bagus telah itu biasa saja akting,1
padahal itu saklar lampu depan rumah,0
anya jadi candu ganas sekarang,1
bang bikin konten yuri part bangdan moga dapat silver play button bang mahardika silverskin,0
sayang sih cantik cantik hobbynya wot,1
todoroki jual sate minum tanpa modal arang sama,0
masyaaloh ami cantik banget sehat selalu ami moga ami bahagia terus sama anak ami amin,0
tiap manusia perlu air mata supaya mereka bisa cerita dari hati denny sumargo,0
lanjut part,0
kalau perhati yang nyosor anya mulu,1
buset indonesia sudah lupa ramah tamah timur nya putus urat malu,1
kakak moga bayi sehat,0
gilir ukhty saja lucu coba kami kami ini yang laki laki pasti caci,1
cantik banget,0
sudah seperti budaya barat,0
semua pada bilang lebih berat sih jane maaf tapi ada listy saat ini dan depan lah yang paling berat kak jane msi milik nama baik kerja yang baik fan yang banyak fisik yang bagus masalah hati yang kecewa itu bisa hilang oleh waktu senang yang lain karena kasih sayang family friend fan ini sih listy sudah hilang kerja nama baik rusak status enggak jelas cap balmond hujat haters anggap beban keluarga sudah serak kali sumpah deh lagi listy juga manusia lagi dalam ada down ketemu laki yang agak fkboy gmpng ikut arus lah tolong lah jangan ngehujat listy lagi kalian hujat tambah dosa kalian,1
ibu muda kali cantik,0
halah mana yang pakai bikini kontol,1
gemoy banget adek bayi,0
kok buluk sih,1
mau jadi jalang ada hadiah kok neraka dada mana mana pamerin,1
bagaimana asa orang tua nya lihat anak nya,1
mbak nikita mbak itu puja aku mau jadi bagi dari lengkap nikmat yang lembut dan halus agar bisa jadi layan hasrat buat ratu nikita mirzani,1
nge gas tipis tipis,0
salut sama kak kartika putri sekarang dia sudah hijrah dan sangat cantik guna pakai syar nya alhamdulillah,0
euhhhhhh sih lucu,0
pernah ngalamin pas foto bareng tamu tangan tabok karena luk dari belakang,1
iiiiiiihhhhh lucu kali bayi nya sehat selalu dek supaya buat banggga bapak sama ibuk nya,0
kencang dan tantang banget dek,1
wah ini kalau gue foto bintang sana bakal jelas banget sih milky way nya,0
bahagia selalu kalian,0
pispot tempat buang kenang mantan kuning dong,0
lihat nakal nyata mahal lihat mahal nyata jual diri ealah,1
itu yang jerit mau anak,1
wkwk nama juga cewek,1
memek lebar banget sih cantik,1
lihat sudah kendur neng mungkin ada lawar yang sudah hinggap,1
enak nih sekap kost,1
terima thr via ovo dana kak,0
dia pikir ini budaya barat,0
selamat hari raya idul fitri mohon maaf lahir batin,0
gede sih ini mah,1
rumput tetangga memang lihat lebih hijau sampai lupa yang punya dalam pagar banyak yang ingin,0
jaman gue enggak begini otw mau sekolah lagi tapi malu sama umut,0
musik band itu haram apalagi kumpul dengan yang bukan mahrom nya sudah pasti timbul fitnah dan jadi hal yang tidak ingin,1
wokey saya sudah lihat dan video kamu laptop hilang semua dan itu pernah mana mana selalu sendiri,0
mami dan ata tambah sukses selalu sehat lancar rezky nya,0
kok enggak malu manusia kan bukan hewan,1
ada sedikit rasa respect gue sama listy dia enggak sepenuh nya salah tapi gue juga enggak bela dia dia tetap salah dan buat erick juga gue harap bagai laki laki dia bisa tanggung jawab sama apa yang sudah dia lakuin ini ajar banget sih buat para anak muda,0
pantesan beli kondom situ selalu habis nyata pakai sendiri,1
dah enggak perawan,1
kak kekeyi apa kabar,0
semangat konte juta enggak bulan ini buat not projek,0
jangan lupa mampir bos,0
cuma joget doang tiktok bisa jadi artis dada samping jadi cewek bo,1
jane memang paling cantik,0
thank ded konten yang sangat edukasi dan manfaat sering sering bikin konten beladiri dong ukses,0
muka boleh enggak,1
pakai upnya flawle good kob kekeyi,0
moga allah maaf salah kita semua itu sebab dalam syariat islam larang gaul bebas antara laki laki dan perempuan karena sudah dekat zina dan bisik setan sangat kuat ini buat ajar bang kita semua kalau memang sudah siap mending kita meni yang halal insyaallah berkah dunia dan akhirat dan tiap kita manusia akan tanggung jawab buat kita akhirat kelak dari presiden sampai rakyat jelata dari para nabi ustad sampai orang biasa semua akan hisab,0
belum pernah dengar cowok bilang kayak begitu sih tapi kalo cewek banyak,0
apakah ini mythia,0
mantap semangat,0
listy aku cinta erikerik video lain gue cinta jane gue cinta banget sama janejane jerome ketawa bahagia,0
lmaooo enak pegang kontol,1
padahal dulu tepo,1
sorry kak baru buka pas ada notifikasi dari channel ini langsung lihat,0
berapa banyak keluar tahi nya kak,1
jangan saja salah orang kalo salah orang langsung mantap tuh,1
itu yang jual barang nya doang atau sama kasir juga,1
dari ribu subscribe deh juta lagi mantap teteh,0
ukhty naukhty lonte semua orang ini crot sayang,1
moga jadi anak yang cerdas erti dan jadi panutan yang baik buat semua orang,0
sempat enggak datang dua kali bor,0
ica jane bang undang biar adil,0
enggak ada damage anjir wkwkwk,0
masyaaallah moga konten video ini inspirasi banyak kaum hawa untuk ajar bela diri seperti bjj atau jenis agar hindar dari potensi diperk dan jenis aniaya lain barakallah untuk mas deddy dan channelnya serta all the crew,0
mau ngulum burung enggak kak,1
memang agak lain beliau yang satu ini,0
cewek itu bisa enggak usah maki nya,1
ajak atuh jalan nya teteh,0
pink enggak,1
kok gue lihat kayak cabe mangga dua,1
cantik sih tapi,1
senang banget lihat keluarga bahagia ini,0
hapus kasihan buna sudah hijrah,0
love you ria,0
lumayan panas sama mantan,0
dah ledug kali tuh cewek murah banget,1
pakai apa saja kakak mah tetap cantik,0
berisik banget sih ibu tumpang semua deh pada turun,0
romantis banget kak sehat selalu buat keluarga harmonis nya,0
mending jadi kayak miyabi sekali,1
kak boleh jujur enggak nih,0
orang mana kak likeback dan follback dong,0
balik anggunya hijab dapat sisi binal yang buat tegang joni para lelaki keras dan urat,1
dari sini kita bisa ajar enggak ada yang nama pelakor bor whatever like this selingkuh itu ada karena mau sama mau bukan cuma dari belah pihak,0
pasti yang lihat anu kajung,1
kembali lagi sama chanel lonte,1
mantap nih muka,1
ikut kak krisna dari masih pacar sampai sudah punya anakrasanya mantap sehat terus kak krisna kak mila sama adek bayi nya,0
moga sehat selalu,0
cuk gila cuk,0
macam tumor hahaha moga segera kena kanker itu susu yang selalu dipamerin,1
ini sebagain gera olahraga dedy itu edukasi untuk banyak orang bukan adegan yang aneh aneh saya pernah ajar kayak smackdown seperti itu kunci waktu tarung teknik thanks yuk deddy,0
masyaallah gadis cantik dan baik hati natural wajah sabar juga moga selalu kah oleh allah amin,0
kalau boleh tau sini ada yang pernah beli produk langsing badan enggak saya mau beli tapi saya tidak tau produk mana yang bagus,0
akupres artis kurang prestasi,0
gara berita ini paksa saya harus putar balik terbang saya london meski pilot dan tumpang lain geram kepada saya tapi demi abar berita ini kepada karang kepada ombak kepada matahari tetapi semua diam tetapi semua bisu tinggalah aku sendiri terpa tatap langit,0
anjir pengin ketawa tru ampek ngiler wee,0
sudah masuk berapa kontol,1
jago nyepong,1
ayok laporankan video ini biar hapus oleh youtube kasi kak rachel sudah hijrah malah foto dulunya jadi bahan tonton banyak orang,0
pagi alim malam bangsat ekwk,1
habis debat sama cowonya kayak,0
mantap banget bikin ngaceng sumpah btw kirim full,1
enggak usah treak treak cewek enggak bikin kereta nya terbang apa mobil tiba tiba pohon kgakk,0
akting cium bibir anyalah jago,1
ini semua yang kalian ingin kan nitijen wkwk lonte kita sama ini,1
seru lihat ded siksa bjj lebih jarak dekat yang memang sentuh tubuh dan ded pernah bilang bjj untuk duel lantai aku pernah latih sedikit yongudo salah satu bela diri standar tni ada yang bisa buat jarak dekat dan jauh dan bisa lengkap dengan senjata tangan bela diri itu perlu kata kang yayan orang yang punya skill bela diri punya aura yang intimidasi sehingga tidak kalau ada yang papas orang itu bakal mikir mikir kalo mau ajak duel selain itu aku juga suka dengan indah seni bela diri masing masing bela diri ada gera dan seni yang kalo lihat itu manja mata kali semangat fina edukasi bjj nya cuma memang enggak imbang kalo lawan ded yang badan lebih besar dan punya disiplin bela diri yang banyak juga enggak cuma bjj,0
belum nikah sudah obok obok,1
antusias warga demi buah bokep wkwk,1
buset banyak atur jadi bini,1
wanita yang punya harga dari tinggi itu tidk akan rusak rumah tangga orang lain apa alasanya,1
yang kayak begini yang gue tunggu,1
pasti mantap jepit,1
bagai orang yang pernah posisi susah loh lupainnya maaf iya sampai sekarang sudah bas tahun lalu sudah maaf karena dia orang yang enggak bisa gue benci tapi sampai sekarang pun enggak pernah bisa lupa sama sekali rasa bagaimana kalo ada yang bahas tentang affair selalu ingat masalah itu dan masih suka menang sendirinyathat sih why coba jadi orang yang baik sama orang lain jangan coba sekalipun khianatin orang lain mau bagaimana ada kamu karena kdg ada orang yang gampang move dari orang lain yang nyakitin mereka mereka bisa balik lagi nyapa kamu kayak biasa tapi enggak dari rasa sakit itu sendiri,0
setan memang akan terus ajak manusia tempat allah lindung kami dari hal seperti ini moga kami selalu ingat akan larang amin,0
jangan sedih ayang,0
untung dunia artis indonesia masih ada deddy corbuzier yang banyak edukasi masyarakat,0
jilbab nakal,1
semua yang tubuh nya memang lihat indah tapi palsu sama kayak parfum isi ulang wangi sih tapi palsu,1
murah banget foto kayak begini,1
asa melar banget enggak sih,1
sudah nongol lagi bae kagak tau apa hati tepotek potek,0
senang dunia insya allah senang dunia akhirat amin,0
kalo bo kakak via marketplace bisa bayar via indomaret kak,1
enggak nyangka sekarang sudah jadi suami mbak lita,0
bicara keren nih bisa paham sama asa lawan bicara sudah didik paham asa manusia bahkan listy juga bisa enjoy cerita jujur semua walaupun awal tutup telah pancing beberapa kali akhir pecah juga tau enggak sih bang orang yang mental puruk kaya listy itu butuh dengar yang baik kaya abang loh serius sekali lagi terima kasih sudah ngundang dia enggak dia sudah tenang bisa cerita semua orang yang tepat moga semua cepat pulih buat listy please jangan selfharm lagi enggak baik aku kasih tips mending gambar kupu kupu bunga pakai spidol tangan jangan pakai benda tajam lagi love urself,0
siang ucap selamat datang indmrt malam ucap selamat nikmat sayang,0
coba gua bawah dia dia atas,1
kak fath kalau ngonten review kayak cocok colebs sama kak judo,0
ketawa mana padahal tungguin,0
dasar lonte pelakorrrr,1
enggak sesuai judul,0
lihat nenen kamu,1
dedy lalau inspirasi moga sehat selalu dan bisa beri konten yang edukasi dan hibur salam dari salah satu gemar dedi dari bal,0
sehat sehat keluarga kecil bahagia selalu tonton biarpun enggak pertama hehe,0
botol gua berdiri sendiri cok jadi mau tarok susu gede banget puaaas masukin botol masih rapet enggak loer lah masih enak,1
kekeyi itu entertainer benar dia itu komunikatif dan hibur moga jauh dari gimick yang enggak mutu kaya dulu key tetap jalan dengan konten yang seperti ini saja sudah hibur suka sama suara kekey,0
dikentu enak hhha,1
warna baju selalu couple kemarin merah sekarang kuning,0
moga kekey iklasnya benar enggak cuma omong biasa orang kalo dah iklas diam tapi kekey masih perempuan harus banyak sabar nanti kalo ada yang mau deketi ajak nikah saja kalo memang lkiserius pasti mau lain cerita kalo laki cuma numpang,0
pengin banget kenal sama cewek jibab ketat begini sini enggak ada,1
memang ini suara mbak nya,0
sih kuyang,1
ngambil resiko karena malas nunggu menit,0
kalimat yang tepat itu bukan listy orang baik tapi listy sekarang bisa lebih baik karena sungguh orang akan sadar saat sudah buat salah kena tampar dari kata orang baru rasa aku sudah buat salah apa yang buat aku jadi salah aku enggak nge judge listy hanya sja aku juga pernah buat salah dan itu buat aku jadi orang yang lebih baik lagi,0
betina mah begitu enggak pernah jujur,1
tinggal saja cewek kayak begitu asu,1
ski banyak video nih yang paling bagus ulang terus enggak bosenin,0
bagi netizen indonesia tolong jangan saling ngehujat ini enggak ada hubung dengan kalian kan dan tidak ambil makan dari kalian kan,0
selain bisa bahasa inggris video itu lihat attitude jeje baik dan kita ajar bahwa yang ditampilin publik belum tentu dia yang benar,0
moga nih keluarga beri sabar dari segala uji dan lebih dewasa lagi dalam sikap hidup mana yang baik tidak baik,0
pengin banget ajar jiu jitsu ground fight untuk bekal supaya suatu saat ada posisi enggak nyaman bisa ngelock down terima kasih edukasi dedy,0
coba pas lihat video ini kalian jangan pakai asa enggak suka atau benci pasti kalian rasa ada sesuatu yang memang enggak ungkap dan sengaja tutup tutup tapi mau bagaimana lagi yang nama orang lagi benci mau dijelasin benar kaya bagaimana pun juga enggak akan erti coba ego nya rangin sedikit,0
sayang nya sih cowok enggak berani,1
anya lop you,0
nice info ded selalu edukasi dan bangun bangsa ini dengan cara yang cerdas,0
punya kakak pernah hitam,1
miyabinya indonesia,1
ini benar harus banget ajar karena bagai wanita enggak pernah tau apa yang hadap depan dan harus bisa jaga diri sendiri thanks ded,0
kalau kasih asi jangan tutup edukasi buat para mamah muda biar inspirasi,0
salah fokus sama bros nya,0
kira jago ngaji nyata jago ngelonte,1
paling enggak suka kalo lagi ada jadi cewek yang teriak teriak,0
gila keren banget ini edukasi bjj harus makin sama perempuan terima kasih kakak fina keren banget,0
susu kecil kali modal cantik saja,1
nomer,0
kamu sedang bentuk untuk jadi pribadi yang lebih baik dari sekarang percaya kepada tuhan,0
wah wah hari begini ada driver cantik dan seksi kaya kakak cantik deh pasti langka banget tuh tumpang auto banjir nih wkwkwk,1
itu hidup itu dunia tiada yang abadi,0
anjir ada yang cosplay jadi astolfo dong,0
ini yang nama cinta buta kasihan benar sih listy terlalu cinta sama erick makanya begini moga bisa lebih cinta diri sendiri listy,0
konten kali ini sangat manfaat bung deddy buat para cewek bisa ajar beladiri dan ini cewek jago banget salut,0
masih kurang ngerayu nya,0
tikotok belender arti nya montok benar,1
mpok ati versi nakal,1
yang dislike enggak ada akhlak,0
selamattt dapat momonganya kak moga kalian dua bahagia lama dan lancar segala rezeki,0
biar mereka yang tau dan tanggung semua,0
kalah manis ini mah gula aren,0
perempuan bidadari syurga,0
badan banyak tato kayak kulkas gue,1
jadi ingat masa masa dulu tiap malam selalu begadang untuk tani sang buah hati selamat atas lahir baby boy moga jadi keluarga yang bahagia dan harmonis usaha susu tiap jam sekali meski sih kecil sedang tidur supaya gizi dan nutrisi dalam tubuh selalu stabil,0
ampun ini cewek pasti hobi bobok bareng,1
hehhh sini sepongin gue anjing gue mau crotin mulut,1
gila body goals,0
ketika chanel lain undang orang yang prestasi bang denny malah undang orang yang anggap buruk dan itu malah buat gua rasa ini keren ajar kita untuk nilai something dari semua sudutpandang dan yang paling bikin salut kutip ayat alkitab bang denny yang relate sama apa yang hadap biasa tamu bahkan banyak orang luar sana,0
tadi aku sempat bingung buat cari teman curhat buat cari orang yang bisa kasih aku motivasi sampai akhir aku ketemu video ini masalah dalam diri aku nyata hampir sama dengan kak listy chan enggak semua tapi banyak dan kata kata yang mau aku dengar saat ini akhir bisa aku dengar dari bang denny jujur menang tonton ini enggak tau kenapa,0
lah padahal sih fuji dulu juga suka dugem gue pernah lihat video dia hari mati vane tapi sekarang deh hapus,0
lah enggak ketemu kita padahal aku juga tonton kak nik,0
nih mah sih mbak nya juga ganas kayak,1
mau kulike tapi like nya sudah bagus banget pas,0
gue tonton ini menang menang karena gue senang lihat ada jelas detail tentang bjj dan guna khusus untuk cewek anak gue cewek gue akan mati mati suruh anak anak gue ajar bjj,0
darimana duit gebrak meja,0
tiap aku tonton kakak selalu ada yang merinding dan ngilu begitu jadi pengin juga soal masih normal belum pernah begitu,1
nikmat selagi masih ada anget dan enak hidup hanya sekali manusia tak akan pernah luput dari yang nama salah tiap orang suci pasti punya masa lalu tiap dosa pasti punya ubah,0
bikin tegak anjir,1
sudah mirip video jepang anjir pasti bentar lagi diunboxing,1
makanya tidak ada teman dengan lawan jenis ujung zina,0
padahal kalau sudah pegang kontol tangan mah sudah enggak enak lagi pegang,1
mau tak belikan teh sayang,0
indah banget sunsetnya jadi pengin nepok,1
enak banget tuh ketiak nya,1
hidup penuh misteri dan tidak jamin orang hanya lihat busana dan alim nya orang,0
alhamdulillah lihat adeknya imut lucu banget moga jadi anak yang soleh solehah dek panjang umur sehat selalu jadi anak yang pintar amin,0
dua tiga mik ngebor itu mek lebar bou kagak sambung haha,1
berisik banget mak,1
cobain prank mas jar dong pasti parah mas jar nya sih,0
bahagia selalu buat kalian,0
key coba makan peluru pelor dong pasti seru yang tuju like,1
dan wanita rasa paling sakit,0
gua tonton bukan pengin malah cengar cengir ketawa ketiwi sendiri,1
dan orang yang nyuruh undang ica jane aku malah enggak tuju dia sini adalah korban dari orang yang punya hidup sakit jadi gaperlu lah biar jane bangkit saja,0
ampun muka enggak cakep amat belagu,1
saya tunggu versi serius mbak,0
cocok nih kalau dengan bang billy gagah tajir soleh,0
dua enggak sungkan dalam pakai seksi setan makin tertawa,1
anjir lihat banget mupengnya enggak rugi itu cowonya mantap,1
nih film buat tahun berapa sih,0
asal jangan konsumsi barang mahal itu,0
selamat blih atas lahir anak nya moga jadi anak yang pintar dll gemar baru dari petang pelaga tapi asli bandung jawa barat salam kenal blih,0
cantik mau dong jepit anu yang baca komentar ini kami doa sehat dan sejahtera senantiasa,1
congratulation brothers his this one your future one more congratulation sama from timor leste,0
bang denny bijak banget sih dari alam orang sekitar bang denny bisa korek begitu tanpa hakim lembut banget nasihatinnya aku rasa seperti dalam diri bang denny itu ada roh kudus yang ngmong hati bang denny untuk listy thumbs uppppp,0
susu idam pacar,1
nyata,0
mau dong jadi tumpang,0
adek bayi nya gnteng banget kayak kak krisna moga sehat selalu,0
itu kalo gua sudah aku tarik itu tangtopnya pas tidur,1
pengin ucapin juga huhuhu buat bulan depan hummmm kayak enggak ada deh,0
bagaimana resep untuk buat kurus,0
montok sekali tetek kamu sayang,1
senang benr lihat kalian anjir,0
full senyum cowok yang sekolah sana,0
kalau sudah wisata begini sudah pasti sering ehem ehem ini para idola jadi ambyar kalau sudah tonton video mungkin para idola masih harap yang idola adalah cewek baik dan masih virgin karena belum ada status nikah kawin,1
nenen nya,1
terimakasih bos anjir keinget miti,0
duh enak kalo diremes,1
malas cuma bisa ronde,1
hapus semua dari publik yang sakit hati perempuan dan yang jadi pelakor biar enggak muncul lagi publik,0
kak aku taksir,0
adegan lidah ketemu lidah,1
enggak bisa kontak saja,0
keren sih nikmir aku apa ada enggak pura bagaimana begitu,0
deh benar petamanya pas nyanyi kawan bengek,0
cantik banget kak,0
pempek terus kakak not,1
bang kalo mao lihat info event cosplay mana,0
sukses selalu kakak dua adeknya lucu,0
ukhty pikir negatif,1
naughtyy wot nih mantap sgnya,1
bilang laki semua sama saja tau betina juga sama,1
pengin raba tan,1
enggak cocok sama ini cari yang lain saja malu sama adik,1
jujur dia cewek bukan murah cuma dia bego saja tapi dia tulus,1
listyyyy semangat hidup ini terlalu indah kalo cuma cicipin yang harus lakuin banyak syukur karena tuhan enggak pernah tidur,0
orang gila semua nih wibu masuk yang punya nih channel juga,1
apa alas tetap selingkuh itu dosa besar,0
gue prnah jadi korban frank kaya begini tapi gue brhenti karena takut dan gelisah moga enggak lagi jadi itu ulang,0
jangan contoh yang kaya begitu kuat lah iman nya,0
ala alaikum salam sejahtera selalupetani yang sukses bisa jadi motivasi kamu jika minat tekun bidang kerja yang satu ini tan rupa satu antara profesi paling mulia panjang masa tani bentuk dasar dari masyarakat dan main peran penting dalam bangun sosial ekonomi negara tanpa hadir tani dunia akan jadi lapar karena produsen makan tidak ada iring dengan tambah populasi manusia beban kerja tani juga makin tambah padahal tak banyak lagi yang pati kerja sektor tani belum lagi dengan risiko gagal panen yang cukup besar karena serang hama atau cuaca tak dukung era modern sistem tani mulai banyak kembang guna tingkat persentasi hasil panen dan buat makan lebih jangkau namun sistem sebut tidak luput dari beberapa lemah dan masih perlu tingkat kembali dukuh channel tani insya allah berkah,0
coli coli,1
dosa nya enggak sedikit bagi usak rumah tabgga orang,1
emoga video ini jadi tunjuk amin teman karya bukan seperti ini cara,0
konten satu bangsa,0
serius itu cowok wkwk,0
bingung mau hujat apa,1
aktu itu waktu aku lihat yutub kak ica yang pertama kali aku kira kak ica itu orang bule beberapa bulan aku kan lihat yutub lagi pas aku lihat bahasa bahasa indonesia,0
bukan manusia kayak,1
mknya jangan mau jadi cewek burik,1
nih cewek nama nya siapa,0
dulu aku respect saja sama nik tapi lama lama bosan juga soal yang dia bahas cuma harta orang hidup orang mending sadar mbak taubat kalau memang enggak ada kerja mending shalat saja taubat sana sudah deh nyinyir orang ada malah nanti malah enggak undang,1
lebar putinng,1
semangat konten makin lagi,0
waduhh adegan yuri nya sangat mantap,1
subhanallah moga allah beri jalan yang baik untuk dua amin,0
asi malah tambah banyak,0
orang normal debat antara tomat sayur atau buah kekey sayur diri dari udang,0
anjir nafsu gua naik gara gara lihat konten begini jadi pengin coba,1
mal aidin wal faidzin kak,0
open bo,1
keluarga bahagia,0
diri bo toh mbak,1
bisa saja nih modus nya ikan pindang kwkwk,0
sama sudah kaya janda anak,1
sangat manfaat agar perempuan bisa bela diri dari tindak jahat,0
insyaallah moga ijabah sama allah kakak,0
jadi ingat waktu kecil,0
kagak gua bolehin keluar rumah punya bini begini,0
pok pok pok keceplek keceplek keceplek,1
itu effect kok pada tipu,1
cantik banget tante,0
akhir lagi dan langsung upload,0
everyone deserve chances tapi better not just the second not just the third banyak sempat semua laku salah semua punya cerita fighting,0
padahal kan bisa begitu pakai camera depan kenapa harus cermin sih,1
lagu lagu nisa sih bagus bagus indah dan merdu terus terang sih saya belum erti arti semua lagu lagu karena bahasa arab belum saya ajar kamus bahasa arab apakah lagu lagu cermin laku nisa atau balik seluruh indonesia bahkan manca negara kagum dengan lagu lagu dulu namun sekarang mbrruukk berita kaget seluruh indonesia bahkan manca negara gadis jilbab tutup aurat lantun lagu lagu religi tapi laku banding balik dengan apa yang harus laku oleh orang gadis sholehah astagfirullahuladzim,1
orang orang kayak begini yang buat orang lain atau sekitar jadi ikut panik teriak teriak enggak jelas,0
selalu cantik kece,0
sarat fyp epon lihat bakat yang tonjol sound yang duk tak duk tak,0
ahahaha anjir kena prank,0
istri orang lebih tantang,1
wow itu gede banget mbak,1
kang cari sensasi wkw,1
contoh seleb sok bijak padahal penuh beban hidup,1
mbak nikita enggak pakai enggak pakai cangcut,1
tag dong,0
denny main psikologi ngeri,0
tayang enggak didik yang banyak sekali mudhorotnya,0
kendur turun itu payudara,1
adek bayi ganteng banget sehat selalu adek,0
new character mama muda wkwkwk,1
cewek tua peot,1
memang cewek kontol berisik banget bantu wkwk,1
allah,0
saya jadi ingat kisah saya dulu ketika naik angkot betul dalam angkot ada ibu muda sedang susu anak yang masih kecil tiba anak mulai menang dan henti nyusu sih ibu langsung ancam anak jangan menang kalau menang entar susu tak kasih itu sambil nunjuk saya anak kembali lagi nyusu saat kemudian anak kembali menang dan ibu muda sebut kembali beri amcaman yang sama dan anak diam dan kembali susu hal sebut terus saja ulang hingga akhir saya kesal dan tanya sama sih ibu muda maaf benar saya bakal kasi nyusu enggak sih masalah rumah saya sudah lewat kilo dari sini,1
mergo aku elek tak melu antri pek subsidi,0
pas bobok bareng apa enggak ingat sama lagu nya yang selalu sebut dengan nama robbi,1
rindu banget sama vlog milkhris,0
semangat susu kak moga sehat debaynya moga sehat susu jaga dengan baik,0
kak kekeyi buat konten tour meja rias kakak dong,0
kalo sama suami boleh lah mbak,0
bahagia terus kalian tiga,0
ngewe lagi dong,1
salut sama istri sabar banget lama itu pendam sendiri dan akhir sudah enggak kuat sabar kak insyaallah balik hancur ada bahagia,0
alhamdullilah cinta larang yang akan jadi halal,0
tatap matanyaaa,0
sayang selamat suang,0
aduh cantik banget istri,0
adem banget sih pir,0
sedikit banget tahu kekey masa udang diblng sayur,1
tante culik aku dong,1
lagu nih kak nidia,0
ini episode berapa kak yang adegan ini,0
makin tua makin enggak moral,1
enggak sangka banget gua ini ajar bahwa jangan pandang orang dari penampilanya,0
hanya teman kerja selesai kerja langsung pulang,0
dan tiap manusia perlu air mata supaya mereka bisa cerita dari hati mereka denny sumargo,0
lagi open bo dia,1
anjir burung gua mau terbang gara gara kakak desah nya mantap,1
bentar lagi nih masuk the spotdengan judul pelakor muda panjang sejarah,1
bang dapat info event event kayak begitu dapat darimana,0
bagus tempat ini kolam renang pun ada,0
rara sibuk dijakarta lagi banyak festival musik outdoor,0
lanjutn terus yang lebih mantap kalau bisa bikin yang enggak sensor twitter lah bayar juga mau saya wkwk,1
nama juga betina,1
ngakak dengar pusar bodong,1
bacot emak emak,1
wkwk bntal guling adek nya sama kayak ponknku haha bahagia selalu kliann,0
lucu adeknya kak sehat selalu,0
gede banget silikon,1
pasti banyak makan craby patty,1
dari semua podcast yang gua tonton cuma channel bang denny yang turut gua keren bagaimana cara dia buat narasumber relax untuk ungkap isi hati terus bawa bang denny yang bisa hipnotis serta tanya yang turut gua bobot,0
woaaaaa ada kak sherry,0
suuppeerrr keerreen banget bangga banget punya latih kaya kak finna terimakasih kak finna karena sudah buat kita semua sadar erti paham guna beladiri jiujitsu terimakasih deddy sudah undang narasumber supperr banget bela para wanitakalo bisa ada beladiri jiujitsu ada tiap kota tiap daerah indonesia agar para wanita anak bisa lindung diri mereka teman mereka dari tindak jahat,0
dunia bisa lihat istri bang terima kasih banget gratis,1
jijik lihat cewek begitu bangsat,1
jelek banget mukaa mbak,1
kembali cerita masa lalu,0
saya saja yang lihat video ini bikin nfsu apa lagi kalau sndainya posisi itu cowok saya dipluk cium tlajng dada pakai bikini siapa yang enggak tahun pasti mlmnya wig wig iya kan ngku saja siapa yang sepemikirn,1
listy aku lebih baik nyakitin diri sendiri daripda orang lainje jane netijen bulshit omong sama laku beda,1
sehat terus kak dinar,0
moga game play top global bisa hibur kalian semua thanks,0
kecantikanya asli wanita indonesia banget,0
gudang dulu yuk,0
bismillah moga ada hikmah balik sen yang salah kirim sen oily kirim dry semog hikmah rezeki bisa dapat sih glopy allahhuma sholi ala sayyidina muhammad cosmetics,0
kpai tolong adegan seperti ini cepat proses jadi contoh buruk bagi anak kita tidak harus juga kalau pacar semua oertonton kan seperti ini,0
mulai dari sini saya percaya bahwa wanita hijab juga sangean,1
buat teman teman itu buat mancing itu umpan buat,0
masalah hati itu susah susah banget erti listy salah banget jadi orang tiga meski alas healing sama sama healing selain nyakitin diri sendiri dia juga nyakitin orang lain oke mungkin orang orang komen pada bilang kasihan listy dia pasti depresi dll coba deh kita juga pikirin bagaimana rasa pihak belah yang punya ambil sama orang yang dia percaya pasti jane nya juga depresi jadi maksud gue tuh kita selalu fokus sama apa yang kita lihat sampai lupa ada hal lain yang kita tuh enggak tau kayak dulu semua hujat listy dan erick gilir ada cerita kayak begini kita mulai dukung listy lagi karena sudah tau cerita balik jadi selingkuh itu mungkin habis ini kita bisa lebih baik dalam komentar kalau ada masalah kita tunggu dua sisi speak biar kita enggak komentar lalu satu sudut pandang saja moga habis ini listy juga temu bahagia sendiri,0
sudah jelas bekas orang hahaha,1
ini cewek mirip,0
sini gue justru mau terima kasih banyak banyak buat listy karena gila parah banget kalo sampai ica jane nikah sama itu orang,0
kok nyosor melulu kayak entokk,1
fix harus undang nih biar kita bisa nilai dari sudut pandang yang beda dan nanti bisa simpul yang baik karena banyak kita dnger rumor rame terus langsung mikir salah benar padahal kita enggak tau sudut pandang rumor biasa bagaimana,0
kakek suka tayang ini jadi ingat masa muda kakek dulu,0
salut sama nisa sabyan lanjut,0
nyepong enak,1
saya pren mbak kota palembang,0
tiga anak kakak nik enggak ada yang mirip babeh nya semua muka kak nik jadi cantik dan ganteng,0
ngumbar tete mulu deh heran,1
jalan hanya buat cium doang,1
sama sama ngehealing dengan cara tidur dengan pacar orang lord inisiatif sekali,1
yang penting akhlak,0
konten bagus adegan asli tidak modus,0
ira salah baca sampai baca ulang kali wkwk,0
bau sih kayak,1
lagu nya rohani hati nya roh halus,1
berat banget dada pengin remas,1
sudah enggak perawan sering,1
manusia tidak luput dari salah dosa,0
alammualaikum terima kasih dedy dan fina atas semua share ilmu betul anak kami perempuan semua mereka harus ajar harus tahu setudaknya harus punya pegang ilmu ini untuk hadap real hidup,0
tau kan apa yang gua pikirin,1
selamat datang indomaret bisa pilih durasi lama atau short,1
kamu cantik persis angelina joley,0
apa cuma gue yang ira mereka lagi rebut tempat duduk yang enggak tanda kali,0
nih yang gede kalau mau,1
tetap cantik manis,0
gigi maju deh kayak mbak,1
salut mbak ririe tahun masih sabar kalo aku mah enggak bakal kuat,0
cowok kayak kang cilok depan komplekkeren,0
live colmek,1
otak romantis terus,0
berat badan kita sama cee,0
kakak moga anak nya sehat selalu dan jadi anak bijak dan rajin yang bisa bahagia orang tua kakak,0
buka dong sayang,1
luar mulia dalam muslihat memang benar bungkus kue kalau lihat luar bikin enak tapi kalau belum rasa pasti belum tentu rasa bagaimana begitu juga dengan yang jadi saat ini dari lagu yang rohani tapi hati yang iblis,1
ini mah malam nya pasti mantab kasurr,1
itu perempuan ikut dajjal yang rusak moral bangsa,1
yaelah masih kalah gok sama anya gwr,1
martabak lempit masih original enggak,1
ampun binal banget deh,1
bau tahi,1
cantik banget kamu,0
karena tangan bisa buat bahagia,0
indah dunia yang sementara ini,0
otw dapat silver play button nih abang,0
asiang bana cewek itu maki model urang lahir anak kembar oto ancua masih bisa bal kalau banyak pitih nyawa hilang kama kadi cari nak min,0
enak bangen disepong,1
nama juga cewek sudah pasti cantik kalo cowok pasti ganteng,0
turut enggak perlu request untuk undang kak jane cara kalo dia suruh klarifikasi sini sama saja dia harus untuk ingat lagi jadi kemarin dan ngebuat dia jadi keinget lagi luka yang mungkin kita bagai orang luar enggak paham betul bagaimana sakit kak jane usaha untuk bangkit telah semua itu,0
gila sih outfit nya cantik banget aaaaaaa mleyot,0
cantik banget kakak,0
astaghfirullah insyaf mbak insyaf aurat jangan umbar,1
alhamdulillah alhamdulillah ikot senang,0
mbak bisa jangan goblok banget bisa enggak sih,1
adek saya biasa kalo lagi telpon sama teman saya gitukan saya jailin manggil sayang,0
luar biasa,0
ini indonesia bung kita punya budaya dan adat istiadat yang beda dari negara lain nya kayak begini umbar medsos,0
iya tuju untuk tes sehat pasang,0
sudah mantap belum,1
eww murah amat,1
salut sama bang denny usaha ngebangun mental baik psikis usaha jadi tempat unek unek yang ingin keluar listy dari segi amat jawab bang denny gue salut banget sih sudah kaya psikolog gue sudah rasa kasihan dari dulu sama listy balik sisi buruk ada sisi baik juga salut sama bang denny,0
susu peot malah pamerin,1
ini konten yang selalu tunggu,0
sehat selalu beli krisna dan mbok mila beby,0
aduh sensor,1
waduh baru serasa ken,1
kekeyi semangat terus kamu inspirasi,0
tali copot muncul susu kadaluarsa atau susu palsu hasil silikon,1
silat lidah anya memang jos,1
bagi pap tetek nya dong kakak,1
sudah cantik baik hati lagi bahagia selalu kak,0
aku kenal kak ibnu sama kak lita dari video ini,0
minta saran untuk nama anak dong guyspande gede isi guys,0
tegang terus gua pusing,1
respect banget sama bang bagaimana dekat cara psikologis bang denny listy dan coba untuk kuat listy karena gua ngersa orang seperti listy lah perlu support gua ngersa banget sendiri nya listy entah npa gua tarik banget sama tato nya listy yang cewek menang dia bilang tato itu seni memang benar bagi gua tato itu seni cara seseorg ekspresi asa mereka baik itu asa suka kagum sedih amarah dll koreksi kalau gua salah dan gua olah ngersa bang denny mungkin juga ngersa hal yang sama kaya gua maybe bahwa gambar diri listy itu sudah rusak gua bukan dukung spa yang dilakuin listy memang salah tapi yang perlu garis bawah tiap orang milik catat hitam masing dalam hidup mereka semua gantung bagaimana dia merespon salah mereka dan bagaimana dia baik catat hitamny kemudian gua juga tuju dengan statementnya bang denny tuhan saja maha kam jika kita tidak dapat ampun orang arti kita derajat lebih tinggi dari tuhan memang enggak mudah untuk maaf orang yang salah sama kita itu semua butuh proses dan waktu lah yang akan meng heal ing sukses terus buat bang denny sumargo,0
cantik,0
ini hati bukan pispot datang pas lagi butuh butuh doang kamu pikir ini pispot,0
dia aku nya masih perawan tapi kok aku enggak yakin,1
pispot tempat buang tinja dan tempat buang manusia hati dajjal tapi kedok bidadari yang sok suci sok ngerti agama tapi akhlak dan lisan rupa dajjal,1
mas nya mirip teman gue woy,0
mantaaaaaap gede banget,1
hadehhhhh kok bisa viral sih cewek enggak jelas kaya begini,1
buat pura pura tidur lagi dong kak saat tumpang nya suruh beli biar tambah seru,0
kasih nama ini saja kak adek bayi nya arti sangat bagus pande arjuna arya basudewa arti arjuna anak yang milik kulit putih dan kesatriaarya terhormatbasudewa kata lain dari khrisnabagu tuh kak,0
gua tarik banget ajar martial arts utama muay thai karena itu penting itu lindung diri anda kita dalam situasi yang harus kita tahan diri kita konten yang sangat manfaat dan bagi kalian yang masih bilang enak jadi sih gne silah coba sendiri datang gym nya kakak fina biar buat pingsan atau patah lengan atau kaki keep the good work kakak edukasi nya,0
lemasin habis bro,1
konten bikin engas,1
konten nya memang bikin iri para jomblo semangat kak,0
nyata ughte juga ada yang jail juga,0
masih ada harap aku dapat yang kaya begitu yang penting kaya,0
podcast episode ini butuh asupan energi yang enggak sedikit totalitas banget ded terima kasih ded edukasi moga tambah sukses tambah berkah amin rabbal alamin,0
seperti nya internet hari ini sudah cukup,0
kapan kita ketemu ajak makan begitu enggak apa makan padang puluh ribu juga saya mau nyai oooo nyai ajak saya ketemu dooongggggg,0
kakak kali ini bedah dari belum lebih cantik dan kawaii,0
siang juga,0
enggak sangka kak nih bisa kayak begini tau aku kak nisa orang yang lembut ramah cantik suara merdu tau kayak begini lak,1
benar itu pacar suami tiung tuing tuing,1
semangat terus kakak bikin vidio nya,0
ngakak njiirrr gila,0
captionnya guna bahasa sastra,0
mau lihat tete gede,1
sering bikin blog sama babynya jadi makin semangat lihat rutinitas kalian pas ada baby bahagia selalu,0
viral chikachandrika dugem club jaga sehat suses selalu,0
jangan terlalu percaya dengan saya saya bisa benci anda dengan wajah senyum,1
heh masih enggak sadar key benerin dulu gigi itu key sudah tua kok makin gilani,1
jelek banget sih,1
muka nya crotin dulu,1
pasti jari mas yang lewat,0
harta tahta wanita uji allah,0
keren bgttttt cantik bgttttt,0
biar enggak post lagi,0
colok enak nih,1
masyaallah kak wirda cantik banget,0
yang begini kok enggak pernah grebek satpol padahal sudah trlnjang ber,1
prgunakanlh waktu sbaik mugkn jangan hanya karena ego hlal kan sgla cara ingat skit senang nya mndptkn semua hrpn kterkenlan itu,0
ajar yang sangat harga bagi para perempuan sangat bantu sekali bagi para perempuan untuk jaga diri dari laki laki yang semena mena hadap wanita sangat manfaat terima kasih ded dan mbak fina,0
dari pada omong harta orang lain mending kamu bahas kritik minyak goreng kan bantu mak indonesia nyai,0
mantap mertua dan orang tua pasti bangga dengan chanel ini palagi pas baca judul auto haru mereka,0
cantik istri nya anjir,1
punya orang tua enggak segani,0
sedih istri rosul lihat ukhti seperti ini,1
semua wanita memang beda sifat nya tapi kalo begitu adalah wanita,1
enak banget suruh cium dah,1
lihat apa wahai anak muda,0
kenyal banget itu aowkwkw,1
sehat selalu buat keluarga pande,0
enggak sangka banget sama nisa yang lihat alim bisa sikap seperti itu,1
enggak bosan lihat muka kak ria cantik gigi bikin gemas gingsul,0
dari awal sampai akhir cium mulu anjir btw tete sih anya belum gede gaban kayak sekarang,1
bukan dia pernah prank kok tumpang nya sama kaya yang dulu,0
iya teman cantik tapi aku tetap pilih kamu,0
cantik moga sukses,0
mau dong crot,1
burung cowok cilik pasti putus,1
pantat bagus banget,1
enggak pakai enggak pakai celana dalam lngsng tancap,1
iniah yang nama cinta tumbuh karena sering ketemu jgnkan ketemu tiap hari chatingan telpon tiap hari walaupaun enggak ketemu saja bisa cintasemoga iman kita kuat dan allah lindung keluarga kita semua amin ajar,0
kak ria memang mamayoo,0
asi memang penting banget begitu juga video ini penting banget untuk edukasi aduh,0
anu dustin sangat tidak tenang,1
cewek naughty tiap malam gandeng cowok baru,1
selamat kakak sehat buat semua,0
bibir ada tahi lalat kamu manis deh,0
seksi nih,1
baru kali ini gue lihat syuting film tabrak kereta,0
bokong kondisi,1
berat rasa nya untuk ungkap makin hari makin gede anak nya deh erti sosmed deh punya banyak tmn kasihan dua,0
bagaimana kalo tantang sejahtera rakyat,0
mau supreme dari kak nikita biar bangga dan percaya diri mungkin orang lihat aku pakai padahal asli,0
aku tetap tonton ulang video ini,0
pikir kita ada yang satu frekuensi,1
sudi kah kamu jadi calon istri,0
renggut perjaka tante,1
silah bisa sekali masukin kak,0
miris kasih anugerah buat lagu rohani laku roh halus ada yang rasa enggak sangka,1
akhir selamat kak krisna dan kak mila moga bayi sehat tonton setia nih bos slebeww,0
makeup nya kak kekey sudah keren skillnya sekarang suka,0
ayang aurat dijagaa,0
pengin crot kacamata ughhh,1
mahardika scarletskin mantab,0
jangan pernah buka hijab,0
alhamdulillah kawan selamat sudah jadi ayah,0
ngakak parah,0
orang yang pikir kotor selalu lihat sisi kotor walaupun konten ini sungguh manfaat bagi kaum hawa allah ded siap hujat demi wanita indonesia,0
ica enggak usah datang enggak usah ngurus hal begini malah ngegali luka lama tau banget rasa diselingkuhin kalau bahas malah bikin sakit lagi mending abai saja,0
gue kiraa ukhty tidak begini sama saja nyata rindu jari tengah,1
nama harus rehan eja kalau rayhan bisa,0
kak angga enggak ngebosenin,0
anjay sih cewee ompong bikin pakai ges,1
ini sudah nikah apa belum sih vulgar banget,1
nisa juga manusia gaes pasti tak luput dari salah karena cinta itu ketetpaksan kita harua bisa tahan dan lanjut selagi itu tidak rugi atau sakit hati orang lain mungkin dia enggak bisa tahan asa cinta apalagi karena sering sama pasti lama nyaman cinta datang karena biasa itu uji bagi mereka dua arti enggak sanggup sama uji nya selamat tahan malu dan hujat nitijen yang utama lahknat allah yang lebih kejam karena telah mendzolimi istri dan anak,0
wah pasti kakak sering langgan kondom,1
sudah bolongin kaya nya tuh lubang,1
hidup wibuuu,0
lucu banget adeknya moga sehat selalu,0
yaudah iya iphone pahamm sudah,0
kalau nikah mahar nya berapa duit yang kaya begini,1
tiga bidadari,0
mbak sadar mbak berisik tau,0
astaga ampun pasti legit banget tuh sumpah anda gue bisa kamu pasti bahagia hidup gue,1
ttny kendur,1
itu enggak balik apa masang lampu nya,0
benar kemarin nyanyi ini,0
terima kasih deddy atas konten karena video ini gue menang karena gue punya adek perempuan dua orang tua gue sudah tinggal gue kerja sendiri pulang malem kadang gue khawatir sama dua adek gue kalau gue enggak ada rumah tapi telah tonton konten ini gue mau ajar hal ini dua adek gue terima kasih deddy,0
cewek kaya begini yang bisa pakai nih jam berapa,1
moga jangan sampai sama,0
tonjol dong,1
mantap tetek nya kalo diisep pasti enak,1
raykeylovers akan selalu hadir sukses terus sehat selalu dan terus karya buat kekeyi raykeylovers bangga pada love you,0
rintis dari bawah telah nama besar boom dadak balik oleh tuhan dalam kejap memang benar musuh orang sukses adalah selingkuh,0
sudah pernah begini sama betina,1
ajar untuk kita semua untuk selalu buat baik,0
kita pun bisa mantab kayak begitu sama anya kalau kita orang kaya whhawhwhwa,1
yang penting yakin enggak ada bimbang dan ragu ehehe,0
body nya ampun,1
cantik sih tapi rela bagi bagi,1
jejak digital tak akan pernah hilang dan ini akan jadi sumber ladang dosa meski saat tua nanti yang sangkut sudah tutup aurat,1
cewek lacur harus kena karma dia habis pakai tinggal saja,1
manusia kalo sudah rasa pintar maka suatu saat dia akan ingkar dan brutal,0
siang ukhty malem slutty,1
suka pokok best buat kakak nikita sehat selallu,0
gigi tolong kondisi key,1
anjayyy moga sehat dan lancar rejeki selalu damping hidup keluarga kalian jangan lupa salam paling anjay,0
hadehhhh sih ini dapat bekas orang,1
kurang gizi kak kurus banget badan payudara tepos,1
beliau ini bukan sembarang beliau,0
laku laku,0
kalian kangen aku enggak,0
pengin main kasar deh,1
yang penting sehat selalu adek bayi nya bun moga jadi anak yang bakti pada orang tua,0
cewek murah,1
bodoh banget jadi cewek,1
ankny juga enggak bego amat kali pasti dia lihat atau dengar dari suara angin tetangga tapi itu bagaimnapun orang ibu walaupun bukan dari rahim sendiri pasti akan berat untuk ungkap karena atas dasr rasa tulus nya anak angkatny masha allah,0
gemas babynya,0
jadi diri,0
pengin dinenenin kak nik,1
kok seragam sama kayak instatory barusan,0
artis biasa saja mentingin bodynya seksi seperti lonte saja,1
mau jilmekin sampai becek banget,1
harus bintang warna merah atas harus ada lambang uni soviet,0
buat para haters jangan ngcz seseorg dari masalalu nya karena kalian belum pernh ada posisi nya tetap tahan wlw ada badai mnerjang,0
jujur gua suka podcast bang ngobrol dari hati hati bahasa yang pakai juga bahasa tongkrong santae tapi ngena hati the best lah bang semangat teru,0
pengin sergap dari belakang boleh enggak min,1
keluarga bahagia,0
bawa memang mau nge live,0
tips badan bagus dong kakak sekali rahasia perut rata kakak,0
sudah praktek sama suami kasur ded saya badan kecil cuma berat badan badan suami cuma berat badan dan memang benar saya bisa ngunci badan suami suami saja bilang sakit padahal lama ini saya buka tutup botol saja kadang suka enggak bisa terima kasih sudah bagi ilmu hehe,0
begitu dong kak sekali bar kan mantap wkwkwk,1
heran cowok pada cowok semua dan ganteng ganteng,0
kok banyak banget yang suka sama nih cewek padahal biasa saja jelek enggak ada kuliatas nonjolin dada doang,1
suka sama kalian saling lengkap love guys,0
sungguh indah makhluk cipta tuhan,0
niat sedekah tiap bulan untuk iur bpjs karena iur kita bisa bantu orang lain yang sedang butuh biaya obat insya allah dengan begitu kita dapat pahala dan beri sehat,0
imut parah sih,0
apa coba,0
sering diremes sama cowok gede banget itu neng,1
dari video ini kita semua bisa lihat laku anak jaman sekarang sudah resah kita juga anak kita kita awas dalam guna handphone jangan sampai lihat dan contoh yang tidak layak contoh,0
cantik tapi laku kali malu istighfar,1
pak deddy makin dewasa dan bijaksana sehat selalu pak,0
bagai orang tua ini yang harus jaga kalau punya anak perempuan,0
moga semua perempuan yang sudah ikut peran video nya depan tidak sulit cari damping hidup yang benar serius mulia mereka mjd istri dan ibu dari anak,0
nyala,0
bang denny saran saja baik bang denny minimal kesan canda nya kalo merespon jawab listy karena turut saya sini listy sangat lihat belum benar heal sembuh dari masalah kemarin mental dia masih down dan belum bisa mem canda kan apa yang hubung dengan itu saya yakin bang denny juga bisa lihat karena sudah hadap langsung dengan listy nya mungkin lain kali bang denny bisa lebih hati kalo suatu saat undang narsum yang hubung dengan masalah yang serang mental mereka but other tahan that great man love your channel and love the quotes too semangat terus bang den stay healthy,0
terima kasih terima kasih kalian semua telah kurang dosa dosa nih ateruslah hujat banyak banyak nya nih sangat berteima kasih pada kalian makin banyak hujat dosa dosa nih perlahan akan sedikit kurang dan buat kalian dosa ghibah itu alir dari komen kalian dari ribu orang yang lihat karena dosa ghibah itu lebih besar dari dosa zinah salam mualaikum,0
banyak produk viralnya yang pasti murah dan kini banget,0
love you anya aku mencitaimuuu,0
astaghfirullah manusia ini mengunakan youtube indak sopan dan etika kan tonton anak enggak maka bra lagi janda enggak sopan,1
betina memang doyan rasuk banyak jantan,1
rata banget badan,1
kak fathbayy makin cantik saja nih,0
langgeng terus iya dua,0
allah kasihan sekali anak nya korban dari perempuan enggak punya hati nurani,0
tempat diri bagai tawan telepon tak dering lagi pikir telah biasa rasa sakit hati paham aku sedikit saja aku rela mati demi cinta aku mati dalam hampar ini paham aku sedikit saja peluk aku paham aku sedikit saja,0
ready tapi return tapi become unifier the nation hahaha,0
janda deh,1
menang nya netizen terlalu lebih ini anya padahal ini gadis biasa saja nothing specialnya,1
kagum banget saya pada orang ini kayak gadis abang padahal anak sudah tiga,0
bedak kilo,1
akuuuuu aku kenal kalian dari video ini lho,0
pengin prank dong mau uji nyali,0
dia main pubg waktu mabar dulu pasti dia kenal gue sering dia panggil haha sampai beli akun enggak jadi,0
muka mau crotin enggak,1
pertama nobody perfect karena yang sempurna itu hanya ada lagu andra the backbone dua bahaya puja manusia idola hindar gantung dengan faktor eksternal utama bagai simbol moralitas kalau masih teuteup pengin puja manusia idola balik poin pertama tadi,0
feel sorry for her please love your self moreee you more tahan you know you more tahan you feel everyone makes mistake yang penting tuh you learn from itu hope you recovered soon,0
kasih hati malah pilih jantung,0
btw serius nih ada taxi kayak begini betewehh mangaatt kakak ngontennya,0
bagaimana kabar sekarang,0
yagapapa sih nama kerja kan,0
kok aneh kayak awkward begitu,0
apasih teriak berisik enggak suka banget dengar begitu terus kaum cewek,1
kalo enggak cakep pamer body yang penting fyp,1
kapan kita ketemu ajak makan begitu enggak apa makan padang puluh ribu juga saya mau nyai oooo nyai ajak saya ketemu dooongggggg,0
sedih banget lihat listy jujur dia juga korban sih turut dengan tulus dan sangking tulu nya dia jadi bego dann dirugiin sama sih pihak cowok,0
ini tuh enak digangbang rame,1
saya ucapakan selamat ulang tahu semuga kati dan mudah rezeki,0
memeklu bau,1
janji enggak putus,0
bebas wahai orang kaya selagi kalian dunia,0
kepada kai tolong tiap gang itu beri pintu plang rel nya supaya hal ini tidak jadi orang tua saya juga pernah hampir tabrak,0
kalo lihat gemas kak,0
sholehot garis keras,1
beso beb,0
muka haus kontol,1
gue sih kasihan sama anak okin jejak digital bro,0
masih takut neng nih buka bagaimana mau maju channel nya guys,1
cewek nya tidak bisa mingkem,1
cewek mah enggak usah sekolah tinggi tinggi,1
baru tau ada channel bagus ini bang denny keren banget sih kata nya cara nanggepin cara sampai kata nya enak kali punya teman curhat kayak abangbisa nempatin posisi asa lawan bicara tapi tetap bisa lihat dari kacamata netralkesannya kayak mihak sih lawan bicara padahal niat sindir dan bisa begitu tetap ngritik tapi bahasa enak begitu intelektual banget sih kalimat,0
halu stres nih cewek,1
jangan senyum terus nanti aku melting,1
cowok idam tinggal balik pager biru itu,0
moga hindar dari keluarga kita amin rabal alamin,0
dulu lihat cewek cerdas cantik nyata cuma cewek lugu yang bawa asa sama yang dewasa karena sering temu tumbuh benih cinta larang,1
ajar harga untuk kami semua moga tidak trjdi kepada keluarga kami dan anak cucu kami,0
menang banyak nih aktris sudah berapa aktor yang cium wkwkwk,1
balik netizen yang ngata ini listy selalu dia sebenanrnya orang yang tulus,0
dua tiga mik ngebor itu mek lebar bou kagak sambung haha,1
wkwkw lonte lonte,1
mantap banget ayo ngewe,1
biasa cewek,1
taxi online mana sih pengin coba wkwk,0
memek diobok obok kontol pada mabuk,1
wajah pelakor,1
semua pasti pokus susu nya,1
dulu masih sering main sama franklin sekarang sudah tau cepat celepot saja wkek,1
luar biasa cewek ini moga lancar mbak,0
mantap supir driver nya not project lebih tantang lebih greget sukses truuus nya,0
bukan kerja keras tapi nyarii hawa nafsu dong,1
semua perempuan sama saja,1
bang denny sumargo kalo lagi podcast tanya beda dari yang lain dan yang paling penting bicara pakai hati fellnya ituloh astaga sampai tonton baik,0
tak sabar rasa aku nak jadi macam ini aku pun ada cita cita nak jadi orang ayah juga sekarang ini tapi sayang aku belum ada rezeki lagi huhuhu,0
cantik kali,0
zaman sudah makin hari makin rusak mudah jangan dapat yang seperti ini tuhaan,0
nama juga anya,0
harus negara milik undang aset cantik bagi para satu bangsa agar capai adil seksual bagi seluruh owner lontong gantung bangsa yaitu creampie bukakke dari orang lantar odgj fakir miskin gelandang seluruh pascol indonesia terhadapanya satu bangsa lain merdeka,1
laku kayak begitu cuma buat tonton doang mana ada cowok yang mau jadi suami paling ada cuma pakai doang,1
narsis euy,0
sih kontol bikin saja bagus,1
abang nih jomblo dek bisa kan,1
untung gue miskin jadi sekali bikin dosa juga kecil enggak kaya kaya haha,0
kang den keren kalau lagi konten sante wibawa dapat dan cara tanya nya epic keren keren,0
allah maha kaya bongkar palsu diri nya yang benar,1
sudah pasti longgar cok,1
buset deh napsu amat nih dua joli bentar cium apa lagi dua kamar sedottt dong masa,1
mantap banget bro kalau bisa lebih heboh,0
saya ingin jadi anda damping hidup panjang waktu yang anda ingin sisi anda,0
mantap betul salam urang pandeglang,0
buka baju mbak nikita plii,1
pagi anak yang nyusu malam bapak,1
golong pakai namun seperti telanjang,1
nenen gede,1
doa baik adalah hadiah indah buat anak dari ibu,0
seperti biasa mereka senang senang dengan maksiat nya,1
pakai nya bagus banget key semangat buat terus karya keyy,0
akhir konten begini lagi wkwkw,0
cantik banget sih,0
muka enggak ngejamin yang penting banyak duid,0
berapa tarif malam,1
pintar pakai doa baik untuk kekeyi bahagia selalu,0
ada yang tegak tapi bukan adil wkwkwk,1
cocok nih kalo next vlog review hotel murah riah dengan pandang bagus bal misal,0
nih akhir bingung asu pokok cantik banget tapi sayang kenapa begitu,1
kak nikita cantik nya asli,0
mantap banget gue pengin kalau naik taxi online cewek yang bawa lasung gue kga mau renti deh buat kakak ria sukses terus konten nya mantap,1
memang enak makan tuh kalo jadi lonte,1
allah maha adil dan bijaksana moga mbak riri dapat yang baik dari semua hal baik amin,0
moga aku jadi laki yang jaga hormat istri,0
edukasi benar buat cewek cowok juga buat jaga jaga kita tidak tahu luar sana bakal jadi apa thank ded,0
gue tuju sama bang den listy salah posisi waktu yang enggak tepat luar itu dia baik dan tulus banget,0
mantap nih konten dulu saya pernah ajar judo yang ada kunci seperti ini walau enggak variatif bjj makanya bisa ngerasain apa yang rasa sampai kepala merah begitu dan napas ngos anak perempuan memang harus bekal ilmu seperti ini terus edukasi top banget deh btw vina jago banget,0
cintahh gue,0
laki nya mau tapi malu malu,1
mantab banget senyum bikin gemas,0
anjr kreatip kekeyii bisa ngundang netijen pada tonton mantap keep itu,0
banyak konten begini kak,0
yang penting akhlak,1
untung pakai mask,0
wanita model begini dunia asmara dan rumah tangga bisa tahan berapa lama kok bikin pasang mudah bosan kayak,1
kapan aku ketemu mbak ini biar prank,1
itu coba hidup mari kita kuat kan diri kita dengan iman yang kuat insya allah allah selalu lindung umat yang bertaqwa hindar dari asutan syaitan yang kutuk amin aku robbal alamin,0
wah keren luna main golfny mantap,0
cantik banget kakak nya hehehe,0
andai bisa kenal lebih dekat,0
gila mantap pengin,1
enak nih wot bareng,1
listy pelakor tukang rebut pacar orang cantik kagak tato nih yang sabar kak kan sudah biasa kalau jodoh yang kita pilih cocok maupun tidak,1
nya manya muhammad arfan arty nya puji cerdas,0
atas arab bawah kaya pengin ewe,1
hello moon pakai masker saja tetap lihat wow cantik swing swing swing,0
bagaimana asa orang tua anya kalo lihat ini kasihan jadi bahan gosip lingkung rumah orang tua sih anya,0
waa,0
tiba muncul diberandakeluarga kecil mulai bahagia sudah lahir keturunansemoga anak nya jadi anak soleh bakti kepada orangtua guna buat semua oranganak aku waktu umur segitu kalo pulang kerja cape kalo sudah ketemu anak langsung hilang cape nya,0
emakk mending jadi nyanyi saja maa kalau sudah jago jerit mhh ngentot,1
olahraga berat sudah saran pakai masker sama who malah bahaya olaragawan nya sendiri,0
enak nih untuk nafsu,1
calon terus miyabi ini cewek,1
wkwkwkwkwk ngakak anjir tonton beginiansukses selalu sista,0
gangerti lagi tingkat pada nya gua enggak setinggi dia semangat terus key berkat gua jadi tau cara tahan emosi,1
tiktoknya apa kak,0
luar biasa enggak pcraan artis ingat belum sah itu,0
baru pertama lihat cewek ini podcast dedy cor simak pmbicaraanya seperti enggak cocok banget sama sosok rjky yang polos yang baik dan santun terus rame lagi foto vulgar cewek ini moga rjky cuma kagum saja dan tidak niat untuk pacar apalagi milik,0
sudah enggak sabar nih bang xixixixixi,0
itumah sherry moe deh yang jadi cosplay takt destiny,0
enak diremes itu buah dada,1
rahayu selalu braderku,0
paling auto klik aku tuh kalo konten kayak begini tuh satu bangsa enggak,1
libur dua begitu apa tidak jadi apa,1
tiap manusia perlu air mata supaya mereka bisa cerita dari hati mereka,0
wah cantik buang begitu saja,0
pejuhin muka sama crot dalem,1
lonte indomaret,1
kenapa bang cewenya disabilitas,1
enggak bosan lihat konten mami sama kak dinar,0
wah salut sih ada rekayasa adegan seperti ini buat edukasi para wanita bagai pria saya yakin bahwa banyak laku perkosa luar sana itu anggap wanita lebih lemah dari pria cara fisik sehingga enggak ada awarne hadap serang balik dari korban good job deddy dan fina,0
kekey moga sehat,0
cantik banget pink enggak,1
ada orang yang hidup tanpa urat malu,1
walaupun kekeyi agak kesal tapi dia selalu hibur kita pada saat pandemi covid dengan uni,0
mahhh mau yang kaya begini,0
tiap manusia perlu air mata supaya mereka bisa cerita dari hati denny sumargo,0
